Workbook

Sheet Captura
A1: nombre | B1: Ancho | C1: Profundidad | D1: Alto | E1: Alto Zocalo | F1: Espesor Estructura | G1: Espesor puerta | H1: Espesor fondo | I1: Entrepaño | J1: Estilo Puerta | K1: Cantidad puertas | L1: Posición puerta | M1: Separación puertas | N1: Margen superior | O1: Margen inferior | P1: Margen izquierdo | Q1: Margen derecho | R1: Tipo de tirador | S1: Posicion Tirador | T1: Orientacion tirador | U1: Cantidad entrepaños | V1: Tipo de medida | W1: Espacio 1 (Inferior) | X1: Espacio 2 | Y1: Espacio 3 | Z1: Espacio 4 | AA1: Espacio 5 | AB1: Espacio 6 | AC1: Espacio 7 | AD1: Margen Frontal 1 | AE1: Margen Frontal 2 | AF1: Margen Frontal 3 | AG1: Margen Frontal 4 | AH1: Margen Frontal 5 | AI1: Margen Frontal 6
A2: Alacena-01 | B2: 800 | C2: 600 | D2: 600 | E2: 100 | F2: 18 | G2: 18 | H2: 12 | I2: No | J2: AVENTO D VIDRIO-MADERA | K2: Puerta doble - unidas | L2: Puerta/Cajón exterior | M2: 3 | N2: 0 | O2: 0 | P2: 2 | Q2: 2 | R2: Tirador arco | S2: Arriba - Derecha | T2: Tirador vertical | U2: 2 | V2: Separaciones iguales | W2: 0 | X2: 0 | Y2: 0 | Z2: 0 | AA2: 0 | AC2: 0 | AD2: 0 | AE2: 0 | AF2: 0 | AG2: 0 | AH2: 0 | AI2: 0

Sheet Exportar
A1: nombre_salida | B1: LenX | C1: LenY | D1: LenZ | E1: a02zocalo | F1: c01espestr | G1: c02esppuerta | H1: c03espfondo | I1: c24entrepano | J1: EstiloPuerta | K1: puerta>e08cantpuvert | L1: puerta>f01posextintpu | M1: puerta>f04seppuertas | N1: puerta>f11margsupcaj | O1: puerta>f12marginfcaj | P1: puerta>f13margizqcaj | Q1: puerta>f14margdercaj | R1: puerta>f21tipotirador | S1: puerta>f22postirador | T1: puerta>f23orienttirador | U1: divisor>f01cantdiv | V1: divisor>f02tipomedida | W1: divisor>f03espacio1 | X1: divisor>f03espacio2 | Y1: divisor>f03espacio3 | Z1: divisor>f03espacio4 | AA1: divisor>f03espacio5 | AB1: divisor>f03espacio6 | AC1: divisor>f03espacio7 | AD1: divisor>g01margenf1 | AE1: divisor>g01margenf2 | AF1: divisor>g01margenf3 | AG1: divisor>g01margenf4 | AH1: divisor>g01margenf5 | AI1: divisor>g01margenf6
A2: =Captura!A2 -> Alacena-01 | B2: =_xlfn.CONCAT(Captura!B2,"mm") -> 800mm | C2: =_xlfn.CONCAT(Captura!C2,"mm") -> 600mm | D2: =_xlfn.CONCAT(Captura!D2,"mm") -> 600mm | E2: =_xlfn.CONCAT(Captura!E2,"mm") -> 100mm | F2: =_xlfn.CONCAT(Captura!F2,"mm") -> 18mm | G2: =_xlfn.CONCAT(Captura!G2,"mm") -> 18mm | H2: =_xlfn.CONCAT(Captura!H2,"mm") -> 12mm | I2: =_xlfn.XLOOKUP(Captura!I2, DATA!A:A, DATA!B:B, "") -> 1 | J2: =_xlfn.XLOOKUP(Captura!J2, DATA!D:D, DATA!E:E, "") -> 13 | K2: =_xlfn.XLOOKUP(Captura!K2, DATA!G:G, DATA!H:H, "") -> 3 | L2: =_xlfn.XLOOKUP(Captura!L2, DATA!M:M, DATA!N:N, "") -> 1 | M2: =_xlfn.CONCAT(Captura!M2,"mm") -> 3mm | N2: =_xlfn.CONCAT(Captura!N2,"mm") -> 0mm | O2: =_xlfn.CONCAT(Captura!O2,"mm") -> 0mm | P2: =_xlfn.CONCAT(Captura!P2,"mm") -> 2mm | Q2: =_xlfn.CONCAT(Captura!Q2,"mm") -> 2mm | R2: =_xlfn.XLOOKUP(Captura!R2, DATA!J:J, DATA!K:K, "") -> 4 | S2: =_xlfn.XLOOKUP(Captura!S2, DATA!P:P, DATA!Q:Q, "") -> 3 | T2: =_xlfn.XLOOKUP(Captura!T2, DATA!M:M, DATA!N:N, "") -> 2 | U2: =_xlfn.CONCAT(Captura!U2,"mm") -> 2mm | V2: =_xlfn.XLOOKUP(Captura!V2, DATA!M:M, DATA!N:N, "") -> 1 | W2: =_xlfn.CONCAT(Captura!W2,"mm") -> 0mm | X2: =_xlfn.CONCAT(Captura!X2,"mm") -> 0mm | Y2: =_xlfn.CONCAT(Captura!Y2,"mm") -> 0mm | Z2: =_xlfn.CONCAT(Captura!Z2,"mm") -> 0mm | AA2: =_xlfn.CONCAT(Captura!AA2,"mm") -> 0mm | AB2: =_xlfn.CONCAT(Captura!AB2,"mm") -> mm | AC2: =_xlfn.CONCAT(Captura!AC2,"mm") -> 0mm | AD2: =_xlfn.CONCAT(Captura!AD2,"mm") -> 0mm | ... AI2: =_xlfn.CONCAT(Captura!AI2,"mm") -> 0mm

Sheet DATA
A2: Gabinetes
A4: Tipo de techo | D4: Tipo de puerta | S4: Cant Divisores
A5: Opción de lista | B5: Valor | D5: Opción de lista | E5: Valor | G5: Opción de lista | H5: Valor | J5: Opción de lista | K5: Valor | M5: Opción de lista | N5: Valor | P5: Opción de lista | Q5: Valor | S5: Opción de lista | T5: Valor
A6: Ninguno | B6: 1 | D6: Ninguno | E6: 0 | G6: Puerta simple | H6: 1 | J6: Sin Tirador | K6: 1 | M6: Puerta/Cajón exterior | N6: 1 | P6: Arriba - Izquierda | Q6: 1 | S6: 1 | T6: 1
A7: Amarre frontal | B7: 2 | D7: PUERTA LISA | E7: 1 | G7: Puerta doble - individual | H7: 2 | J7: Tirador secc. circular | K7: 2 | M7: Puerta/Cajón interior | N7: 2 | P7: Arriba - Centro | Q7: 2 | S7: 2 | T7: 2
A8: Amarre posterior | B8: 3 | D8: PUERTA ITALIANA | E8: 2 | G8: Puerta doble - unidas | H8: 3 | J8: Tirador secc. cuadrada | K8: 3 | P8: Arriba - Derecha | Q8: 3 | S8: 3 | T8: 3
A9: Amarre frontal + posterior | B9: 4 | D9: PUERTA VIDRIO | E9: 3 | J9: Tirador arco | K9: 4 | P9: Centro - Izquierda | Q9: 4 | S9: 4 | T9: 4
A10: Techo completo | B10: 5 | D10: PUERTA VIDRIO-MADERA | E10: 4 | J10: Tirador botón cuadrado | K10: 5 | M10: Opción de lista | N10: Valor | P10: Centro - Centro | Q10: 5 | S10: 5 | T10: 5
D11: PUERTA UÑERO | E11: 5 | J11: Tirador botón circular | K11: 6 | M11: Tirador horizontal | N11: 1 | P11: Centro - Derecha | Q11: 6 | S11: 6 | T11: 6
A12: Tabla de decision | D12: AVENTO S LISA | E12: 6 | J12: Tirador CLE | K12: 7 | M12: Tirador vertical | N12: 2 | P12: Abajo - Izquierda | Q12: 7
A13: Opción de lista | B13: Valor | D13: AVENTO S ITALIANA | E13: 7 | P13: Abajo - Centro | Q13: 8
A14: Si | B14: 0 | D14: AVENTO S VIDRIO | E14: 8 | P14: Abajo - Derecha | Q14: 9
A15: No | B15: 1 | D15: AVENTO S VIDRIO-MADERA | E15: 9 | M15: Opción de lista | N15: Valor
D16: AVENTO D LISA | E16: 10 | M16: Separaciones iguales | N16: 1
D17: AVENTO D ITALIANA | E17: 11 | M17: Personalizado | N17: 2
D18: AVENTO D VIDRIO | E18: 12
D19: AVENTO D VIDRIO-MADERA | E19: 13
